{"Version":1,"ManifestType":"Publish","Endpoints":[{"Route":"3rdpartylicenses.txt","AssetFile":"3rdpartylicenses.txt","Selectors":[],"ResponseHeaders":[{"Name":"Accept-Ranges","Value":"bytes"},{"Name":"Cache-Control","Value":"no-cache"},{"Name":"Content-Length","Value":"19400"},{"Name":"Content-Type","Value":"text/plain"},{"Name":"ETag","Value":"\"qkN2veDMDHWP5z7oCj1U4SdbjFRLxUjztaAoslWyWQU=\""},{"Name":"Last-Modified","Value":"Sun, 17 Aug 2025 15:11:56 GMT"}],"EndpointProperties":[{"Name":"integrity","Value":"sha256-qkN2veDMDHWP5z7oCj1U4SdbjFRLxUjztaAoslWyWQU="}]},{"Route":"browser/favicon.ico","AssetFile":"browser/favicon.ico","Selectors":[],"ResponseHeaders":[{"Name":"Accept-Ranges","Value":"bytes"},{"Name":"Cache-Control","Value":"no-cache"},{"Name":"Content-Length","Value":"15086"},{"Name":"Content-Type","Value":"image/x-icon"},{"Name":"ETag","Value":"\"+RAr6AKXwFKSB2B75Sd7T5C8qJ1lmI+hdxuRx4lOgV8=\""},{"Name":"Last-Modified","Value":"Tue, 22 Jul 2025 00:47:43 GMT"}],"EndpointProperties":[{"Name":"integrity","Value":"sha256-+RAr6AKXwFKSB2B75Sd7T5C8qJ1lmI+hdxuRx4lOgV8="}]},{"Route":"browser/index.html","AssetFile":"browser/index.html","Selectors":[],"ResponseHeaders":[{"Name":"Accept-Ranges","Value":"bytes"},{"Name":"Cache-Control","Value":"no-cache"},{"Name":"Content-Length","Value":"820"},{"Name":"Content-Type","Value":"text/html"},{"Name":"ETag","Value":"\"5O1VUb0/AaXwH9snTWP81c50PxRmT0LplZwmZPLp0ZM=\""},{"Name":"Last-Modified","Value":"Sun, 17 Aug 2025 15:11:56 GMT"}],"EndpointProperties":[{"Name":"integrity","Value":"sha256-5O1VUb0/AaXwH9snTWP81c50PxRmT0LplZwmZPLp0ZM="}]},{"Route":"browser/main-PJZ65KU3.js","AssetFile":"browser/main-PJZ65KU3.js","Selectors":[],"ResponseHeaders":[{"Name":"Accept-Ranges","Value":"bytes"},{"Name":"Cache-Control","Value":"no-cache"},{"Name":"Content-Length","Value":"591350"},{"Name":"Content-Type","Value":"text/javascript"},{"Name":"ETag","Value":"\"9Qszopv+WR9GYYInSzjo2PoiHyjK41t38de0Genqoog=\""},{"Name":"Last-Modified","Value":"Sun, 17 Aug 2025 15:11:56 GMT"}],"EndpointProperties":[{"Name":"integrity","Value":"sha256-9Qszopv+WR9GYYInSzjo2PoiHyjK41t38de0Genqoog="}]},{"Route":"browser/polyfills-FFHMD2TL.js","AssetFile":"browser/polyfills-FFHMD2TL.js","Selectors":[],"ResponseHeaders":[{"Name":"Accept-Ranges","Value":"bytes"},{"Name":"Cache-Control","Value":"no-cache"},{"Name":"Content-Length","Value":"34519"},{"Name":"Content-Type","Value":"text/javascript"},{"Name":"ETag","Value":"\"adzqBFZD3Q3pmKPNDMu7RrRr/yZRqHpWxzwo6yCOj5g=\""},{"Name":"Last-Modified","Value":"Sun, 17 Aug 2025 15:11:56 GMT"}],"EndpointProperties":[{"Name":"integrity","Value":"sha256-adzqBFZD3Q3pmKPNDMu7RrRr/yZRqHpWxzwo6yCOj5g="}]},{"Route":"browser/styles-5INURTSO.css","AssetFile":"browser/styles-5INURTSO.css","Selectors":[],"ResponseHeaders":[{"Name":"Accept-Ranges","Value":"bytes"},{"Name":"Cache-Control","Value":"no-cache"},{"Name":"Content-Length","Value":"0"},{"Name":"Content-Type","Value":"text/css"},{"Name":"ETag","Value":"\"47DEQpj8HBSa+/TImW+5JCeuQeRkm5NMpJWZG3hSuFU=\""},{"Name":"Last-Modified","Value":"Sun, 17 Aug 2025 15:11:56 GMT"}],"EndpointProperties":[{"Name":"integrity","Value":"sha256-47DEQpj8HBSa+/TImW+5JCeuQeRkm5NMpJWZG3hSuFU="}]}]}